real12,pred12,real3,pred3
91.206055,95.6382,92.23207,95.95945
91.53463,95.89793,93.97174,95.193565
91.19179,95.68133,95.32427,94.97061
93.38485,95.352394,92.08,94.04991
91.11695,95.127365,90.92242,93.73983
91.700966,94.88015,90.16774,93.98001
93.82,94.95106,97.46307,93.63242
91.044266,94.08359,93.76851,92.89849
92.54455,93.37053,90.49125,92.48419
94.08083,93.83739,91.206055,93.80809
91.40679,93.199356,91.53463,93.38598
91.24887,92.78721,91.19179,92.90842
93.34,92.544304,93.38485,92.70966
88.5,92.27966,91.11695,92.46664
92.89119,92.127106,91.700966,92.294075
90.52143,92.28231,93.82,92.68696
90.60659,92.27931,91.044266,92.49271
92.77051,92.37981,92.54455,92.55228
93.82979,92.52249,94.08083,92.8406
90.54667,92.30334,91.40679,92.566635
94.69742,92.36153,91.24887,92.67065
94.82196,92.404976,93.34,92.75838
95.519,92.25761,88.5,92.52891
99.24407,92.22017,92.89119,92.51706
87.89413,92.17313,90.52143,92.621544
92.932,91.7385,90.60659,92.04009
95.39571,91.91832,92.77051,92.38549
90.05315,91.509964,93.82979,92.0492
92.566154,91.33913,90.54667,91.823105
87.60384,91.36218,94.69742,92.03557
92.078,91.314766,94.82196,92.01111
88.94727,91.21089,95.519,91.899956
93.27294,91.32358,99.24407,92.048904
94.478294,91.29395,87.89413,92.0591
95.39769,91.64741,92.932,92.460945
92.25576,91.8071,95.39571,92.95765
92.671425,91.02362,90.05315,92.08238
93.47943,91.28279,92.566154,92.44507
90.23861,91.69055,87.60384,92.78978
101.21535,91.597374,92.078,92.673004
88.926,91.96395,88.94727,93.04421
89.75613,91.49631,93.27294,92.43966
91.80634,91.43852,94.478294,92.53238
93.75971,90.91511,95.39769,92.02467
92.3731,91.04797,92.25576,92.08986
90.30688,90.72454,92.671425,91.75138
93.46125,90.6927,93.47943,91.80277
92.488075,90.381355,90.23861,91.69801
90.66889,90.30342,101.21535,91.69853
92.09615,90.15793,88.926,91.56235
91.543846,89.88465,89.75613,91.2863
87.575356,89.99498,91.80634,91.32713
89.2725,89.58259,93.75971,91.38199
89.69956,89.650024,92.3731,91.37342
95.79963,89.68608,90.30688,91.45357
88.71571,89.71674,93.46125,91.41263
87.46909,89.565346,92.488075,91.30244
90.56591,89.359726,90.66889,91.10078
87.99,89.21786,92.09615,91.04307
90.38636,89.244255,91.543846,91.075294
90.2184,89.09115,87.575356,90.87711
86.5124,88.96763,89.2725,90.79739
90.5625,88.65047,89.69956,90.41703
92.91428,88.314766,95.79963,89.72174
79.53846,88.41141,88.71571,89.76287
84.22357,88.459,87.46909,89.94983
85.42286,88.12951,90.56591,89.80183
86.68,88.1073,87.99,89.79558
85.54059,87.792496,90.38636,89.53786
85.8525,87.43981,90.2184,89.244095
80.32923,86.9467,86.5124,88.876076
83.77333,86.8131,90.5625,88.70602
85.6575,86.74121,92.91428,88.60155
83.59524,86.50665,79.53846,88.378815
86.562775,86.39867,84.22357,88.271965
81.07692,86.43198,85.42286,88.33324
87.6,86.0604,86.68,87.83868
89.424286,86.039474,85.54059,87.74392
89.91,85.894325,85.8525,87.3725
88.13684,85.64423,80.32923,86.811035
79.260956,85.39259,83.77333,86.54269
85.38,84.93243,85.6575,86.06572
88.31964,84.256134,83.59524,85.29528
85.10267,83.89613,86.562775,84.84715
88.28105,83.71891,81.07692,84.73425
79.61952,83.614944,87.6,84.551476
83.753334,83.61231,89.424286,84.57479
84.03764,83.32286,89.91,84.117714
87.215,83.52831,88.13684,84.43866
85.17421,84.1386,79.260956,85.131294
76.21333,83.92376,85.38,85.00297
80.79191,84.16666,88.31964,85.15407
79.35429,84.129555,85.10267,84.869225
83.9,84.19223,88.28105,84.798325
82.174736,84.31687,79.61952,84.97516
84.99913,84.42992,83.753334,85.02293
86.41136,84.47012,84.03764,85.17558
83.325,84.189964,87.215,84.668205
80.14867,84.24512,85.17421,84.618614
81.24654,84.061775,76.21333,84.43513
86.516075,83.82671,80.79191,84.32167
83.06,83.81712,79.35429,84.17606
80.82143,83.44393,83.9,83.42975
86.81483,83.27445,82.174736,83.251724
85.89632,83.278145,84.99913,83.09378
81.55458,83.02792,86.41136,82.85773
85.390305,83.37628,83.325,82.95689
82.066666,83.76081,80.14867,82.99577
82.31,83.955025,81.24654,83.34341
86.455,84.16996,86.516075,83.36775
83.80595,84.21009,83.06,83.21471
83.28065,84.398605,80.82143,83.323166
79.58741,84.38597,86.81483,83.36999
85.01125,84.69418,85.89632,83.54372
83.45,84.883575,81.55458,83.40653
82.35571,85.322716,85.390305,83.786606
84.41194,86.0658,82.066666,84.75748
84.266754,86.200195,82.31,84.24128
85.948,86.55003,86.455,84.58096
84.53,87.137695,83.80595,84.707115
89.74073,87.41622,83.28065,84.78581
86.70333,88.104095,79.58741,85.37731
85.204,88.65853,85.01125,85.57121
89.79911,88.676926,83.45,85.56653
88.7422,88.68751,82.35571,85.541336
91.70627,88.919914,84.41194,85.48541
93.39465,89.32453,84.266754,85.71405
89.428635,89.96081,85.948,85.713066
90.644066,90.55193,84.53,85.78197
94.52689,91.43641,89.74073,86.052185
93.74676,92.25263,86.70333,86.42408
98.59,93.315056,85.204,86.635544
94.42348,94.474075,89.79911,87.58118
98.56532,95.701385,88.7422,87.907555
99.8,96.36039,91.70627,88.36311
99.42847,96.584564,93.39465,89.69743
98.38046,96.42256,89.428635,91.16251
94.94693,96.966095,90.644066,92.40726
97.51667,97.25954,94.52689,93.45831
98.29308,97.61742,93.74676,93.660194
95.35333,97.8476,98.59,94.04952
96.59948,98.1784,94.42348,94.90333
96.96047,98.30578,98.56532,95.12923
98.1825,99.01393,99.8,96.34977
98.11,99.469315,99.42847,96.56606
96.86612,99.947914,98.38046,97.563545
98.80903,100.47368,94.94693,98.51663
97.63647,100.748795,97.51667,99.210655
101.95526,100.82266,98.29308,99.42033
100.012,100.757095,95.35333,98.98746
98.084915,100.660385,96.59948,99.17407
100.05101,100.949326,96.96047,99.60859
97.53614,100.75551,98.1825,99.482574
101.63739,100.42551,98.11,99.49138
98.935234,100.22549,96.86612,99.48253
99.55076,100.12222,98.80903,99.56399
98.569916,100.05614,97.63647,99.61253
100.35561,99.57028,101.95526,99.13551
95.91692,99.22783,100.012,99.13906
95.382,98.79156,98.084915,98.90773
94.83692,98.93822,100.05101,99.63707
94.40429,98.408226,97.53614,99.56093
94.87348,97.92654,101.63739,99.12094
98.43757,97.74129,98.935234,99.26947
99.23023,97.34068,99.55076,98.879654
95.387566,97.32391,98.569916,99.22246
99.665215,97.00812,100.35561,98.98603
96.99093,96.8363,95.91692,98.64927
97.68781,96.94369,95.382,98.49168
95.25277,96.769646,94.83692,98.4255
99.59375,96.45114,94.40429,97.6726
99.90596,96.095985,94.87348,97.05935
95.1193,95.963165,98.43757,96.62304
97.54527,95.37777,99.23023,95.8406
97.27683,95.2585,95.387566,95.72812
93.34054,95.85627,99.665215,96.55666
94.64832,95.7082,96.99093,96.9411
95.90648,95.39848,97.68781,96.23274
98.038086,95.17834,95.25277,96.61755
95.74333,94.95438,99.59375,96.24844
94.23304,94.88409,99.90596,96.33214
96.75947,94.81118,95.1193,95.93058
95.175026,94.89249,97.54527,96.21594
97.31318,94.846275,97.27683,96.57694
95.94494,95.12859,93.34054,96.179115
96.52087,95.3079,94.64832,96.33017
94.733376,95.59247,95.90648,96.439674
96.69987,95.36124,98.038086,95.74152
94.238396,95.312775,95.74333,95.61669
96.05807,95.07345,94.23304,95.377815
96.45414,95.4328,96.75947,95.72648
94.63841,95.691216,95.175026,95.87834
96.83213,95.69169,97.31318,95.64731
97.63702,96.01507,95.94494,95.88217
95.32352,95.78228,96.52087,95.61647
96.38084,96.03362,94.733376,95.96945
94.73965,96.10931,96.69987,95.97563
99.39429,96.328606,94.238396,96.164925
93.36987,96.121284,96.05807,95.89894
98.41428,96.38442,96.45414,96.1353
97.265686,96.12066,94.63841,95.77007
96.705,96.41748,96.83213,96.0431
96.83113,96.612335,97.63702,96.17596
94.577835,96.68291,95.32352,96.06854
98.65583,97.01357,96.38084,96.51207
96.77656,97.16781,94.73965,96.75341
97.91275,96.94413,99.39429,96.423584
99.69462,97.09624,93.36987,96.50226
96.67,96.77093,98.41428,96.12177
98.46721,97.4395,97.265686,96.78589
97.703865,97.2284,96.705,96.265015
95.221596,97.57121,96.83113,96.71924
99.80068,97.80014,94.577835,96.94774
96.98643,97.760315,98.65583,96.98995
97.465485,97.944786,96.77656,97.28188
100.01844,97.80252,97.91275,97.08865
95.306,98.42361,99.69462,97.740425
96.20875,98.38252,96.67,97.80469
98.191925,98.6177,98.46721,98.057304
98.95916,99.035904,97.703865,98.556854
101.24175,98.892,95.221596,98.2923
99.93301,99.0486,99.80068,98.52353
99.99329,99.07123,96.98643,98.53488
97.423904,99.11409,97.465485,98.232376
98.25667,99.521515,100.01844,98.746445
98.332436,99.04724,95.306,98.28789
97.57505,98.95426,96.20875,98.26874
96.86708,99.358246,98.191925,98.786545
101.45709,99.02981,98.95916,98.18418
98.40263,98.8704,101.24175,98.07758
99.82533,99.06434,99.93301,98.2809
98.17736,99.209404,99.99329,98.531746
97.33103,99.4957,97.423904,99.071915
100.854065,99.5084,98.25667,99.14488
98.69646,99.70507,98.332436,99.48085
98.89778,99.51138,97.57505,99.088585
98.492966,99.479805,96.86708,99.06665
99.923134,99.54619,101.45709,99.13317
98.66418,99.63316,98.40263,99.04157
98.428185,99.60098,99.82533,98.872314
96.25054,99.97479,98.17736,99.482834
98.67396,99.828514,97.33103,99.294685
99.43297,99.84541,100.854065,99.52163
98.58782,99.829155,98.69646,99.39028
99.494705,99.793015,98.89778,99.14323
99.29341,100.08201,98.492966,99.6286
101.126884,100.10833,99.923134,99.58423
99.92435,100.14771,98.66418,99.617134
100.74419,100.14974,98.428185,99.592384
102.262215,100.221825,96.25054,99.75413
102.53352,100.19638,98.67396,99.686005
102.717834,100.155174,99.43297,99.5852
101.2814,99.998726,98.58782,99.18432
100.17208,100.09512,99.494705,99.30767
103.15934,100.333,99.29341,99.5735
99.69,100.22593,101.126884,99.497116
101.43388,100.369934,99.92435,99.70655
100.77313,100.453964,100.74419,99.75429
99.272316,100.8926,102.262215,100.24988
103.744194,101.02037,102.53352,100.31513
100.656815,101.23808,102.717834,100.58293
102.016045,101.76985,101.2814,101.10032
99.6741,102.22958,100.17208,101.57515
103.79132,102.56473,103.15934,101.96246
99.40185,102.54014,99.69,101.955795
102.421906,102.25125,101.43388,101.679245
102.79941,102.70147,100.77313,102.19442
100.0643,102.2231,99.272316,101.70422
103.52141,102.288246,103.744194,101.811
105.829185,102.287445,100.656815,101.72605
103.095,102.03935,102.016045,101.38877
101.53417,102.44467,99.6741,101.94412
104.37342,102.26636,103.79132,101.723785
104.32727,102.35342,99.40185,101.88825
104.55796,102.22709,102.421906,101.601006
101.72525,102.30882,102.79941,101.98133
101.91602,102.14667,100.0643,101.605446
103.48614,102.34067,103.52141,101.87281
102.86654,102.51718,105.829185,102.07097
101.97374,102.40126,103.095,101.85437
102.501816,102.6103,101.53417,102.29915
101.74988,102.920334,104.37342,103.00075
99.50855,102.882576,104.32727,103.01576
101.2267,102.69229,104.55796,102.861115
98.06092,102.63399,101.72525,103.1854
101.35,102.51437,101.91602,103.48621
100.18283,102.79526,103.48614,103.77856
100.92613,101.985886,102.86654,103.28589
98.86669,101.22401,101.97374,102.842155
98.96589,101.02153,102.501816,103.07349
99.76465,100.58938,101.74988,102.844475
98.724525,100.4198,99.50855,102.51946
97.85489,100.3533,101.2267,102.00336
99.15356,100.22443,98.06092,101.0791
99.60752,100.03018,101.35,99.74921
97.88571,100.30239,100.18283,99.67069
99.46,100.01349,100.92613,99.079796
102.10217,99.98065,98.86669,99.82636
97.756325,100.022255,98.96589,99.938705
100.475334,100.28918,99.76465,100.250595
97.32591,100.135475,98.724525,99.9876
99.52988,100.05737,97.85489,99.96377
103.18729,100.193726,99.15356,100.115005
102.0121,99.76546,99.60752,99.856415
97.99455,98.98846,97.88571,99.46765
97.99759,98.80884,99.46,99.410866
101.08793,98.76839,102.10217,99.52418
100.78193,98.77308,97.756325,99.179634
101.8259,98.98172,100.475334,99.27931
98.388535,99.46007,97.32591,99.67905
96.7984,98.75994,99.52988,98.96491
97.87246,98.86834,103.18729,99.22122
101.198685,98.447464,102.0121,98.731415
97.05349,98.54334,97.99455,98.884445
99.82091,99.4679,97.99759,99.85204
98.53529,99.5763,101.08793,99.9919
98.13828,99.00218,100.78193,99.3865
96.92065,98.82272,101.8259,99.23664
96.90536,98.84522,98.388535,99.33174
100.80421,98.97708,96.7984,99.560585
101.77302,99.034355,97.87246,99.73008
94.55583,98.84418,101.198685,99.39655
96.3624,98.48795,97.05349,99.05115
96.082,98.53331,99.82091,99.01424
97.953156,99.045845,98.53529,99.51
97.50933,98.39749,98.13828,98.88896
97.21093,98.55061,96.92065,99.02758
98.01667,98.391914,96.90536,98.8451
93.97385,98.08066,100.80421,98.66078
100.214165,97.675446,101.77302,98.38231
99.08585,97.1993,94.55583,97.974785
101.92191,97.54249,96.3624,98.33183
94.17675,98.00037,96.082,98.73746
91.98851,96.90936,97.953156,97.95453
97.49129,96.502686,97.50933,97.54296
95.064415,96.5654,97.21093,97.48352
102.02317,96.65208,98.01667,97.58246
97.62118,96.68265,93.97385,97.474174
98.74529,96.519745,100.214165,97.23919
89.85,96.37259,99.08585,97.20896
92.16375,95.530464,101.92191,96.64459
94.92379,96.08772,94.17675,97.229256
99.2,95.835434,91.98851,97.20333
103.541176,96.262436,97.49129,97.5359
98.09077,95.15939,95.064415,96.753746
95.63,94.35279,102.02317,96.05189
92.61818,94.568054,97.62118,96.21561
103.09185,94.477905,98.74529,96.194214
94.5775,95.07559,89.85,96.511795
96.8556,94.347435,92.16375,96.09953
93.43565,94.21566,94.92379,96.31763
97.78,93.154594,99.2,95.55191
96.600525,92.45393,103.541176,94.70795
93.9079,93.30578,98.09077,94.726166
91.09,93.68299,95.63,95.13702
94.80923,94.216934,92.61818,95.9096
91.48631,94.00951,103.09185,96.238556
87.25842,93.73243,94.5775,95.816
91.53273,93.50726,96.8556,95.380135
95.87316,93.538345,93.43565,95.50115
94.16333,92.64915,97.78,94.897934
99.77118,93.05768,96.600525,95.27785
97.25091,92.79953,93.9079,95.0071
87.78,92.62742,91.09,94.87503
94.455,92.6299,94.80923,94.87517
91.65143,92.53047,91.48631,94.618095
85.40385,91.92134,87.25842,94.02515
89.821175,91.82018,91.53273,93.69558
92.49,91.10639,95.87316,93.04866
94.66143,90.2165,94.16333,92.44111
95.396,90.182274,99.77118,92.26635
88.44706,90.205925,97.25091,91.88268
94.24737,89.64359,87.78,91.42065
84.64167,89.59711,94.455,91.43953
90.015,89.276184,91.65143,91.188995
89.07833,88.85847,85.40385,90.74766
90.95826,88.81164,89.821175,90.48375
87.437775,89.115074,92.49,90.66506
88.89778,88.87339,94.66143,90.35721
87.37,89.26966,95.396,90.54301
85.97455,89.33403,88.44706,90.49052
81.6375,89.44058,94.24737,90.669586
91.4476,89.69557,84.64167,90.94908
84.976364,89.23068,90.015,90.31147
88.27818,89.062614,89.07833,90.10839
83.868,88.73205,90.95826,89.71537
88.257774,88.580605,87.437775,89.35625
88.538,88.538666,88.89778,89.391846
83.2404,88.31061,87.37,89.17992
91.743,88.542786,85.97455,89.29366
86.61455,88.43169,81.6375,89.07604
90.05565,88.40439,91.4476,89.0243
88.144,88.39898,84.976364,88.80341
91.50875,88.35213,88.27818,88.40963
89.543335,88.39811,83.868,88.2213
91.623795,88.70976,88.257774,88.34773
94.02,88.27209,88.538,88.03013
86.252594,88.50165,83.2404,88.152794
91.74077,88.75093,91.743,87.85332
90.9828,89.161575,86.61455,88.082855
90.503845,89.11528,90.05565,87.79559
85.49,88.78593,88.144,87.57063
96.352066,89.40399,91.50875,87.82423
93.98529,89.617874,89.543335,88.21374
87.20941,90.36899,91.623795,88.62544
96.3525,90.720245,94.02,88.92469
91.52789,91.44153,86.252594,89.321625
86.91897,91.982544,91.74077,89.73213
90.434784,92.59609,90.9828,90.0685
92.651054,92.52053,90.503845,90.02437
89.70636,93.22723,85.49,90.58744
94.95167,93.006714,96.352066,91.15354
100.53696,92.878815,93.98529,91.41621
96.6002,92.46752,87.20941,91.14944
96.61235,93.108246,96.3525,90.95571
98.35854,93.917366,91.52789,91.661476
102.425354,93.52482,86.91897,91.54126
98.104164,95.43731,90.434784,92.621895
98.266365,95.33827,92.651054,92.59053
103.89313,96.06824,89.70636,92.586296
101.723076,96.7188,94.95167,92.91709
98.248276,97.73472,100.53696,93.44753
102.715,99.11269,96.6002,94.80795
96.615,99.352295,96.61235,97.16061
107.00747,100.98665,98.35854,100.12381
102.37,101.04743,102.425354,99.07438
98.335175,101.36661,98.104164,99.00001
102.41917,101.824066,98.266365,99.61222
99.01781,102.64873,103.89313,101.0859
101.54841,102.75157,101.723076,100.569954
100.21161,102.34646,98.248276,100.53919
100.495636,102.95525,102.715,101.486465
102.49585,102.862236,96.615,101.6314
104.76839,102.23855,107.00747,101.23009
103.560585,102.1989,102.37,101.76536
104.58746,101.66192,98.335175,101.008194
100.48284,102.250595,102.41917,102.3403
101.14421,102.34465,99.01781,102.147095
101.38706,102.01197,101.54841,101.61711
104.077774,102.042854,100.21161,102.05288
103.67528,101.37034,100.495636,101.27268
100.89,101.172676,102.49585,101.35478
102.275154,100.77198,104.76839,101.10501
103.75255,100.52371,103.560585,100.87137
100.40429,100.918655,104.58746,101.27309
101.31617,101.37172,100.48284,101.87847
102.37428,101.55798,101.14421,102.146614
100.58863,102.12432,101.38706,102.77399
104.52885,101.650986,104.077774,102.10766
102.25661,101.49829,103.67528,101.94878
102.1256,101.40811,100.89,101.85388
103.35829,101.68166,102.275154,102.22226
102.97143,101.73724,103.75255,102.39156
104.46959,101.35279,100.40429,101.9558
101.954346,101.41142,101.31617,101.99623
102.483574,101.42668,102.37428,102.10797
98.20773,100.84171,100.58863,101.527596
103.78923,100.410126,104.52885,101.25991
101.55614,100.63022,102.25661,101.40344
98.96056,100.31245,102.1256,101.08083
101.05959,100.585434,103.35829,101.59884
99.01,100.55431,102.97143,101.50398
103.32797,100.340225,104.46959,101.4041
99.23143,100.25914,101.954346,101.54275
101.34825,99.97213,102.483574,101.42504
99.00617,100.12291,98.20773,101.81209
101.443855,99.621346,103.78923,101.38555
99.56485,99.57207,101.55614,101.331024
102.225,99.45222,98.96056,100.652664
97.71551,100.06389,101.05959,101.25258
101.55331,100.58358,99.01,101.33802
100.43611,100.48077,103.32797,100.84395
101.271545,100.54754,99.23143,100.89895
101.21515,100.56194,101.34825,100.57891
100.74442,100.68683,99.00617,101.02847
103.40903,100.78322,101.443855,100.724724
101.595436,100.68884,99.56485,100.80272
103.24417,100.59682,102.225,100.50858
101.758316,100.64921,97.71551,100.73198
102.64364,100.72863,101.55331,100.595345
102.45522,100.946396,100.43611,100.92618
100.22037,100.98445,101.271545,100.450424
102.66324,101.25937,101.21515,100.922554
101.98038,101.44076,100.74442,100.9121
103.7659,101.75749,103.40903,101.22245
102.11996,101.931076,101.595436,101.38479
101.50769,101.915985,103.24417,101.31674
103.32505,102.33891,101.758316,101.87898
101.69,102.38979,102.64364,101.90512
102.93176,102.61492,102.45522,102.27229
102.26343,102.44145,100.22037,102.08405
105.2154,102.62892,102.66324,102.334366
102.63098,102.92389,101.98038,102.574554
104.78117,102.93274,103.7659,102.340775
100.70422,102.954994,102.11996,102.550156
104.29714,102.82075,101.50769,102.48686
102.899155,102.96524,103.32505,102.8397
105.15711,102.76281,101.69,102.62329
104.21013,102.57794,102.93176,102.3927
101.32342,102.6956,102.26343,102.63884
102.3127,102.60883,105.2154,102.45683
102.14646,102.688805,102.63098,102.691826
102.483116,102.696686,104.78117,102.700386
101.97216,103.009056,100.70422,103.27136
104.40152,102.93574,104.29714,103.105286
100.10901,103.23093,102.899155,103.57381
103.22243,102.7394,105.15711,102.73161
102.95414,102.77138,104.21013,103.03495
101.60297,102.71586,101.32342,102.920944
102.524605,102.969475,102.3127,103.38064
99.62861,103.237305,102.14646,103.60611
102.14545,103.07193,102.483116,103.03092
101.75038,102.9412,101.97216,102.915054
102.34342,102.83508,104.40152,102.80596
102.2254,102.81144,100.10901,102.810455
100.7978,102.68108,103.22243,102.65669
100.57845,102.90443,102.95414,102.98236
101.55486,102.39182,101.60297,102.27702
100.51735,102.499825,102.524605,102.51038
102.90502,102.725845,99.62861,102.65079
103.82105,102.46211,102.14545,102.3746
101.58558,102.37818,101.75038,102.36044
101.57864,101.96231,102.34342,101.790924
100.439026,101.91993,102.2254,101.89486
103.933655,101.91519,100.7978,101.88032
101.503334,101.92949,100.57845,101.94295
104.5695,101.9892,101.55486,102.005615
105.42513,101.7767,100.51735,101.70558
102.05274,101.58673,102.90502,101.489716
101.966385,101.70766,103.82105,101.59558
102.20586,101.60381,101.58558,101.42694
105.12641,101.96053,101.57864,101.823044
101.48351,102.46325,100.439026,102.27387
103.97384,102.47178,103.933655,102.15846
102.93811,102.534096,101.503334,102.18094
100.43293,102.27958,104.5695,101.872826
101.75657,102.50784,105.42513,102.25868
103.18943,102.47444,102.05274,102.12009
104.36083,102.76121,101.966385,102.60231
100.69493,103.33445,102.20586,103.15593
103.28798,103.23666,105.12641,102.95999
103.13176,103.00234,101.48351,102.78108
103.129,103.06303,103.97384,102.739876
104.276474,103.38239,102.93811,103.199814
101.947075,103.16038,100.43293,102.89869
104.69426,103.434105,101.75657,103.21785
102.831184,103.53365,103.18943,103.19362
104.1137,103.21368,104.36083,102.738815
100.614456,103.19119,100.69493,102.70437
105.48126,103.24842,103.28798,102.76394
104.415535,103.81428,103.13176,103.275024
101.859955,103.682655,103.129,102.90802
104.99853,103.670334,104.276474,102.99545
102.24672,103.728905,101.947075,103.04482
103.16495,103.67152,104.69426,103.099144
101.21425,104.04257,102.831184,103.47462
102.55407,103.87929,104.1137,103.18343
102.382866,104.19478,100.614456,103.60206
102.12653,104.276535,105.48126,103.557076
104.07273,104.35616,104.415535,103.76584
101.239105,104.052666,101.859955,103.24281
104.13684,104.27539,104.99853,103.68689
102.3046,104.63123,102.24672,103.98697
104.07155,104.44289,103.16495,103.63679
102.235725,104.73908,101.21425,104.1426
103.85086,104.669395,102.55407,103.87915
102.654335,104.307884,102.382866,103.885
104.5334,103.79689,102.12653,103.492615
103.77915,103.001114,104.07273,103.39938
103.40588,102.395195,101.239105,103.370895
100.50839,101.84754,104.13684,103.378136
102.04292,101.11319,102.3046,103.64865
102.097885,100.00835,104.07155,103.02887
101.9141,100.09957,102.235725,103.37101
101.70128,99.61097,103.85086,102.9483
97.57246,99.605705,102.654335,103.173355
98.59737,99.30233,104.5334,102.95855
99.38525,99.35737,103.77915,102.95937
98.28275,99.540245,103.40588,102.33166
98.070625,99.82042,100.50839,102.52646
101.06495,100.06659,102.04292,102.13154
98.309814,100.39225,102.097885,101.083725
96.59472,100.350105,101.9141,99.961044
96.636,100.38075,101.70128,100.050995
99.78924,100.36988,97.57246,100.0583
97.84625,100.69362,98.59737,100.275826
99.762,100.996346,99.38525,100.8316
98.31458,100.67162,98.28275,100.0584
100.82062,100.53985,98.070625,99.967415
99.47846,100.49388,101.06495,100.08805
96.486084,100.20038,98.309814,99.932396
97.862335,99.90276,96.59472,99.684425
98.33345,100.28719,96.636,100.08881
99.682236,99.63789,99.78924,99.463326
101.5,99.2187,97.84625,99.01036
102.81,98.91839,99.762,98.591415
100.30666,99.47256,98.31458,98.88822
104.598495,99.2603,100.82062,98.70653
95.65015,99.47517,99.47846,98.95413
101.401405,99.429634,96.486084,98.85332
100.71763,99.82573,97.862335,99.285545
99.90174,99.89229,98.33345,99.36359
104.33642,99.47055,99.682236,98.96185
100.034164,99.445816,101.5,98.84752
100.48887,99.505104,102.81,98.858246
102.65539,99.72954,100.30666,99.16533
98.68394,100.20336,104.598495,99.73853
99.52273,100.604034,95.65015,100.24927
100.82966,100.57359,101.401405,100.16987
97.38808,101.380135,100.71763,101.07958
101.757774,100.07389,99.90174,99.987434
98.90235,100.57826,104.33642,100.38808
100.56776,100.71963,100.034164,100.46392
99.64073,100.59438,100.48887,100.45977
95.27091,101.42645,102.65539,101.25768
97.50737,100.93906,98.68394,100.73671
99.844574,100.96556,99.52273,100.88067
101.10744,101.424355,100.82966,101.29113
98.44867,100.786835,97.38808,100.668564
99.012436,100.835106,101.757774,100.69891
97.96176,101.04725,98.90235,100.849846
94.04222,100.26255,100.56776,100.22573
99.8655,100.71138,99.64073,100.65074
102.238335,100.17412,95.27091,100.26609
99.48545,100.2553,97.50737,100.33386
99.33182,100.059105,99.844574,100.23188
100.51143,98.932396,101.10744,99.363976
95.951294,98.92296,98.44867,99.22541
98.4616,99.16794,99.012436,99.493706
100.66035,99.56893,97.96176,99.66469
92.76667,99.20311,94.04222,99.43072
99.266,99.07935,99.8655,99.34385
93.0537,98.814705,102.238335,99.19096
103.4776,97.85078,99.48545,98.42333
95.039566,97.60591,99.33182,98.50948
91.4548,98.04537,100.51143,99.02074
83.15,97.50175,95.951294,98.66023
92.109566,97.73328,98.4616,99.01772
99.44,98.178055,100.66035,99.232056
99.64105,97.85469,92.76667,98.808914
92.77368,97.578224,99.266,98.613815
96.081535,98.27324,93.0537,98.9824
104.60263,97.603874,103.4776,98.08287
91.5,96.93881,95.039566,97.998726
95.35384,96.329,91.4548,97.444244
94.9675,96.65037,83.15,97.79466
95.921425,96.12394,92.109566,97.342094
91.475655,94.880394,99.44,96.29884
102.81,93.961334,99.64105,95.048874
91.89778,93.16477,92.77368,94.18372
101.18474,93.879845,96.081535,94.90793
96.66333,93.95611,104.60263,95.09767
99.6375,93.42583,91.5,94.93488
91.16572,93.693054,95.35384,94.99953
99.51615,93.83322,94.9675,94.948006
99.308,93.50733,95.921425,95.16837
103.27385,93.85582,91.475655,95.12867
100.582855,94.098366,102.81,95.158226
105.009094,94.232544,91.89778,95.220375
96.98375,93.79623,101.18474,94.73882
101.016365,94.22553,96.66333,95.28409
94.395,93.954994,99.6375,95.230156
99.49545,94.65297,91.16572,95.667
98.49154,94.78844,99.51615,95.58846
97.91,95.5471,99.308,96.51329
88.62308,94.732185,103.27385,95.63841
92.88,95.1626,100.582855,95.91409
99.768,95.47962,105.009094,96.67799
96.43412,95.74605,96.98375,96.87495
93.66077,96.238625,101.016365,97.293
93.666664,96.0257,94.395,96.98859
96.59273,95.978806,99.49545,96.98115
99.264,96.14469,98.49154,97.15022
97.168,95.88214,97.91,97.00095
93.51833,96.05827,88.62308,97.227776
97.96,96.23802,92.88,97.4334
81.136,96.22626,99.768,97.38274
94.127144,94.33862,96.43412,95.76137
91.47071,94.61267,93.66077,95.55954
93.024,94.40244,93.666664,95.55553
92.678,93.79738,96.59273,94.760025
92.144615,94.22861,99.264,95.12238
95.028,94.25824,97.168,94.76393
100.56389,94.48437,93.51833,94.83095
99.0819,94.24603,97.96,94.74717
91.92286,94.406456,81.136,94.829475
99.60429,94.43421,94.127144,94.76555
96.45412,94.428406,91.47071,94.71722
92.70625,92.41355,93.024,92.88944
95.1025,93.64656,92.678,93.6958
101.09368,93.0841,92.144615,93.21044
92.95421,94.28001,95.028,93.59611
89.44392,95.13859,100.56389,93.94531
95.248,95.08733,99.0819,93.68038
94.7125,95.49549,91.92286,93.90614
93.582,95.03018,99.60429,93.6585
103.49,94.973175,96.45412,93.41496
90.925,95.270096,92.70625,93.89136
105.53778,95.9659,95.1025,94.207054
100.97822,96.44829,101.09368,95.036064
101.095,96.65886,92.95421,95.354515
100.51414,97.35561,89.44392,95.701004
102.5971,98.2368,95.248,96.10625
103.374,98.70828,94.7125,96.41402
109.61293,98.60129,93.582,95.92843
102.6715,99.783325,103.49,96.28047
99.52102,100.80434,90.925,96.67433
100.50272,101.48315,105.53778,96.88898
101.96555,101.99196,100.97822,97.75408
103.05953,102.29324,101.095,98.04176
105.6416,102.77855,100.51414,101.35052
105.59943,103.68646,102.5971,102.97012
108.26143,103.39433,103.374,103.24989
105.90828,103.621735,109.61293,103.00402
103.304405,103.284355,102.6715,102.98634
102.60085,103.48237,99.52102,103.35348
109.138275,105.00622,100.50272,105.0026
102.83522,104.34494,101.96555,104.1514
99.05806,103.157265,103.05953,103.20602
103.702896,102.80136,105.6416,102.91048
101.53889,102.69035,105.59943,102.60519
107.41274,102.74851,108.26143,102.66904
105.35921,103.1346,105.90828,103.03482
103.24729,103.27154,103.304405,103.32886
103.40658,103.982605,102.60085,104.3086
106.86165,104.302536,109.138275,104.50006
102.83,103.85575,102.83522,104.30015
101.8493,103.45728,99.05806,104.03941
107.4775,104.70255,103.702896,104.98309
101.5155,103.85211,101.53889,104.45684
102.83905,102.88302,107.41274,103.523254
105.027725,102.90932,105.35921,103.734795
105.26231,102.305176,103.24729,103.014786
105.10469,103.271515,103.40658,103.94944
103.925,103.157684,106.86165,103.92703
107.70808,102.86261,102.83,103.654434
103.67916,102.88032,101.8493,103.652824
104.38533,103.38444,107.4775,104.118225
103.49169,102.887344,101.5155,103.70268
102.799675,102.50831,102.83905,103.309166
103.31443,103.254555,105.027725,103.98689
102.83048,102.529175,105.26231,103.315544
104.14384,102.33484,105.10469,103.24602
107.69479,102.586365,103.925,103.47113
105.88703,102.77685,107.70808,103.63252
104.25233,103.09193,103.67916,103.923256
103.615,102.937386,104.38533,103.79868
104.200455,103.67566,103.49169,104.40281
103.48931,103.42165,102.799675,104.1735
103.235245,103.4498,103.31443,104.25799
103.19924,103.04899,102.83048,103.9176
103.18445,102.68102,104.14384,103.535034
100.09891,102.49954,107.69479,103.36662
101.96356,102.29459,105.88703,103.11004
102.861664,102.45925,104.25233,103.24895
99.89905,103.149376,103.615,103.915405
102.94578,103.251915,104.200455,103.93031
104.7119,103.295105,103.48931,103.899414
102.4762,103.382256,103.235245,103.90904
101.78422,103.58466,103.19924,104.01581
103.737076,103.258575,103.18445,103.743546
101.6938,102.95502,100.09891,103.52638
102.36161,102.93782,101.96356,103.49115
101.1349,102.874695,102.861664,103.42752
102.44345,102.00839,99.89905,102.54503
103.12595,101.898094,102.94578,102.42155
103.25418,101.95433,104.7119,102.43734
103.980225,101.33115,102.4762,101.7329
101.74333,101.62987,101.78422,102.03204
103.19963,102.25229,103.737076,102.583015
107.10333,102.234985,101.6938,102.46358
102.53473,102.00487,102.36161,102.25944
101.38693,102.361244,101.1349,102.599915
104.47771,102.05472,102.44345,102.26522
101.22375,101.99107,103.12595,102.29051
103.61282,101.73918,103.25418,101.97589
102.03431,101.87752,103.980225,102.143036
104.01368,102.247345,101.74333,102.49289
102.41984,102.4894,103.19963,102.712204
103.251175,102.78387,107.10333,103.01948
101.71203,102.48177,102.53473,102.69194
101.59913,102.69068,101.38693,102.91706
104.4631,103.68321,104.47771,104.00648
103.346,103.37727,101.22375,103.606125
101.02924,103.01773,103.61282,103.17445
102.02958,103.08029,102.03431,103.42184
101.59041,102.6668,104.01368,102.93862
103.41095,102.80602,102.41984,103.228195
103.32915,102.45456,103.251175,102.882675
103.84172,102.68946,101.71203,103.15989
102.178535,102.5473,101.59913,103.02356
98.45236,102.603584,104.4631,103.09953
101.98375,102.262665,103.346,102.69118
101.093315,102.156,101.02924,102.52274
102.13162,102.40808,102.02958,102.85762
101.50982,102.44763,101.59041,102.934654
102.15901,102.11513,103.41095,102.521866
101.79237,101.98971,103.32915,102.420204
104.07692,101.80927,103.84172,102.220436
101.69129,102.01536,102.178535,102.49319
102.65823,102.01312,98.45236,102.53197
99.54262,101.98769,101.98375,102.63115
100.90667,101.75524,101.093315,102.374695
102.14077,100.792984,102.13162,101.30393
100.4386,100.93518,101.50982,101.46199
99.960205,100.854225,102.15901,101.25633
99.77852,100.96691,101.79237,101.4068
99.62197,100.9942,104.07692,101.40564
97.16441,101.090996,101.69129,101.47896
98.95298,101.08685,102.65823,101.46363
98.02183,101.557495,99.54262,101.99361
102.76918,101.30765,100.90667,101.7576
100.09708,101.29359,102.14077,101.84819
101.4698,100.76671,100.4386,101.25268
99.87647,100.74258,99.960205,101.21009
98.92687,101.066154,99.77852,101.454544
101.71062,100.884415,99.62197,101.18416
101.89405,100.87833,97.16441,101.05605
102.09272,100.78922,98.95298,100.89318
102.03555,100.77741,98.02183,100.78827
100.66342,100.10267,102.76918,100.06379
104.38533,100.3243,100.09708,100.211205
100.80004,100.062256,101.4698,99.85508
103.400276,101.01952,99.87647,100.73999
99.99528,101.00767,98.92687,100.67445
102.256,101.32161,101.71062,101.07625
102.015564,101.276306,101.89405,100.9268
103.95643,101.080986,102.09272,100.63855
102.65053,101.345024,102.03555,100.96239
102.10772,101.5082,100.66342,101.217224
104.324974,101.57537,104.38533,101.41909
101.66875,101.73525,100.80004,101.60228
102.00018,101.459015,103.400276,101.33162
101.081314,102.04018,99.99528,102.011345
101.01841,101.79148,102.256,101.65012
102.42356,102.09502,102.015564,102.08292
102.447395,101.7796,103.95643,101.573425
103.01981,101.85394,102.65053,101.80629
103.029076,101.91368,102.10772,101.854355
104.33108,102.31,104.324974,102.27858
103.2197,102.5462,101.66875,102.34296
104.62444,102.62669,102.00018,102.312645
102.6012,103.11815,101.081314,102.80799
104.69904,102.62094,101.01841,102.29919
101.954834,102.43948,102.42356,102.267555
103.09457,102.14075,102.447395,101.988594
102.89651,101.92701,103.01981,101.80787
106.92,102.216034,103.029076,102.08629
104.09896,102.49404,104.33108,102.34956
101.36115,102.70674,103.2197,102.565735
104.10852,102.71249,104.62444,102.75782
103.714615,102.9352,102.6012,103.14129
103.12193,102.46553,104.69904,103.32149
104.716415,101.91088,101.954834,103.739876
104.11067,101.41113,103.09457,103.43224
104.31032,101.8333,102.89651,104.0007
99.05725,100.6458,106.92,103.47348
100.65667,100.388504,104.09896,103.44497
100.20174,100.094055,101.36115,103.29342
100.94524,100.74456,104.10852,104.47945
99.154076,101.29897,103.714615,104.54186
96.09798,100.15807,103.12193,103.47445
97.98717,99.65223,104.716415,103.73704
99.39799,98.99883,104.11067,103.49271
97.58126,98.973274,104.31032,103.44002
99.46861,98.83665,99.05725,102.86981
97.5264,98.56331,100.65667,101.79639
98.11473,98.62136,100.20174,101.01737
98.326515,97.90262,100.94524,98.36671
98.536156,98.19258,99.154076,98.19591
98.48683,98.66075,96.09798,98.25953
98.73176,99.22111,97.98717,98.55602
100.44666,99.684166,99.39799,98.76085
100.397285,99.02079,97.58126,98.04599
99.41952,99.11576,99.46861,98.41418
101.22,99.55419,97.5264,98.974335
101.70403,99.28237,98.11473,98.651955
99.66016,99.59043,98.326515,99.02393
98.71785,99.35614,98.536156,98.83884
98.997406,99.34452,98.48683,98.842186
98.31524,99.23893,98.73176,98.82779
97.732834,98.98323,100.44666,98.61075
101.15757,99.107185,100.397285,98.713165
100.975105,99.136,99.41952,98.676765
101.57158,99.59778,101.22,99.12378
100.98053,99.79469,101.70403,99.335335
98.94,99.77648,99.66016,99.32953
99.729416,100.087875,98.71785,99.6787
102.028915,100.22064,98.997406,99.88073
98.43148,100.36851,98.31524,99.99687
101.456856,100.21304,97.732834,99.80318
100.481926,100.13295,101.15757,99.68155
97.2677,99.8825,100.975105,99.48468
97.003334,99.77321,101.57158,99.385086
97.201485,100.288605,100.98053,99.87015
96.64316,100.442474,98.94,100.16785
100.06815,100.54254,99.729416,100.405106
97.85182,100.51289,102.028915,100.377144
103.814926,100.18035,98.43148,99.98352
95.50714,100.326996,101.456856,100.15256
99.89962,100.721756,100.481926,100.569595
95.71435,100.37256,97.2677,100.156006
97.90019,100.68712,97.003334,100.555374
98.825,100.65166,97.201485,100.571
101.153336,100.01638,96.64316,100.10914
99.690475,99.52009,100.06815,99.805244
94.24378,99.21479,97.85182,99.46246
98.50419,98.82891,103.814926,99.13687
98.752144,99.194084,95.50714,99.487404
101.72125,98.78263,99.89962,99.09209
95.57938,99.47441,95.71435,99.759735
96.72628,98.32814,97.90019,99.08615
96.935295,98.283585,98.825,98.98091
93.23344,97.74462,101.153336,98.54663
94.40423,97.44676,99.690475,98.23816
101.238785,97.12407,94.24378,98.1798
92.346924,97.13888,98.50419,98.42865
101.37207,96.64884,98.752144,98.25655
91.22455,95.50004,101.72125,97.53021
97.06182,95.521576,95.57938,97.60297
100.685905,95.169846,96.72628,97.548744
96.330605,95.24862,96.935295,97.631584
99.678,94.58463,93.23344,97.113815
94.365715,94.230385,94.40423,96.71128
97.08667,94.37487,101.238785,96.84827
89.58369,93.27649,92.346924,96.05412
87.6625,92.859634,101.37207,95.66744
91.64,92.71205,91.22455,95.78754
91.03,91.94011,97.06182,95.17226
95.194786,94.541664,100.685905,96.45698
89.78348,93.39739,96.330605,95.54385
91.58714,94.08692,99.678,95.525185
90.292854,93.47203,94.365715,95.64234
93.098946,92.76467,97.08667,95.02252
93.8125,92.8002,89.58369,95.21487
88.765,92.15768,87.6625,94.7278
88.288574,92.11694,91.64,94.56394
86.16273,91.40364,91.03,93.757256
95.11706,90.68714,95.194786,92.83495
93.39667,90.198494,89.78348,92.345535
88.218185,90.143425,91.58714,92.22823
87.075,90.431595,90.292854,92.27263
87.7525,90.225365,93.098946,92.073845
87.03391,90.09292,93.8125,91.86646
90.49,89.62419,88.765,91.31246
92.6828,89.4371,88.288574,90.9456
86.42944,89.14753,86.16273,90.64686
90.15579,88.74958,95.11706,90.29537
82.73333,88.30775,93.39667,89.85283
81.19882,87.94719,88.218185,89.60908
83.27333,88.458855,87.075,89.66089
93.0,88.363686,87.7525,89.80111
84.514,88.34629,87.03391,89.75872
94.60476,88.19851,90.49,89.52943
84.223335,88.04214,92.6828,89.34827
87.136,87.81809,86.42944,88.9168
86.97429,88.07238,90.15579,88.94432
83.02107,87.95496,82.73333,88.8971
87.970436,87.94826,81.19882,88.687386
87.48929,88.04695,83.27333,88.80608
87.29087,88.21508,93.0,88.8587
85.784164,87.6078,84.514,88.153885
83.64531,87.342865,94.60476,87.49721
90.51947,87.84111,84.223335,87.701126
84.12,87.682846,87.136,87.44699
84.941055,87.647545,86.97429,87.63971
83.245926,88.08221,83.02107,87.56264
87.125,88.14385,87.970436,87.67889
82.204285,88.96052,87.48929,88.0743
89.21486,89.054726,87.29087,87.7735
87.52936,89.7172,85.784164,88.02321
94.70613,90.25573,83.64531,88.26686
88.266,90.63899,90.51947,88.42915
93.25143,90.92959,84.12,88.65985
90.54667,90.99497,84.941055,88.54872
89.48026,91.48145,83.245926,88.76845
88.63636,91.289925,87.125,88.70949
90.33667,91.18712,82.204285,88.607895
91.07581,91.05328,89.21486,88.38213
91.59392,91.348175,87.52936,88.42772
93.79019,91.246666,94.70613,88.203316
90.5234,91.5704,88.266,88.36313
92.39353,91.99725,93.25143,88.80097
89.42648,92.75939,90.54667,89.430565
91.64323,92.704575,89.48026,89.58399
93.17254,93.69529,88.63636,90.84273
94.93534,93.78917,90.33667,91.32727
93.55572,93.758736,91.07581,91.48617
96.31977,93.776,91.59392,91.97833
94.37325,94.14451,93.79019,92.10201
98.18049,94.57518,90.5234,92.150925
94.97592,94.7465,92.39353,92.45737
101.16849,95.044685,89.42648,92.72636
99.84299,95.75415,91.64323,92.63569
97.88394,96.366005,93.17254,92.73997
98.42237,97.10721,94.93534,92.51546
100.87644,98.06731,93.55572,93.2474
102.056046,98.69643,96.31977,94.162
100.73353,99.44321,94.37325,96.03679
102.42426,99.25413,98.18049,96.93226
101.15,99.82001,94.97592,97.57938
103.069275,100.077774,101.16849,97.401764
101.726715,100.606636,99.84299,98.35353
102.2062,100.89153,97.88394,98.32678
103.56379,101.77707,98.42237,99.74438
99.336716,102.16573,100.87644,100.030975
100.46925,102.03087,102.056046,100.10702
100.986664,101.760925,100.73353,100.21626
99.51098,101.80709,102.42426,100.56268
99.87504,101.890465,101.15,100.976395
104.15086,101.60832,103.069275,100.99351
98.62014,101.58058,101.726715,101.45668
99.2194,101.204155,102.2062,101.348526
100.95103,100.76167,103.56379,101.51889
101.94347,100.47345,99.336716,101.457275
105.59277,100.170845,100.46925,101.4054
102.27286,99.80576,100.986664,101.42897
99.117775,100.13405,99.51098,101.08452
102.08265,99.792114,99.87504,100.80208
101.58923,99.71126,104.15086,100.79071
100.062,99.344894,98.62014,100.360374
102.09912,99.03362,99.2194,100.183815
100.91538,99.02679,100.95103,100.545494
99.71167,98.791565,101.94347,100.228424
96.95051,98.51516,105.59277,99.77713
98.78808,98.52039,102.27286,99.93794
98.28764,98.37894,99.117775,100.03896
96.05282,98.16887,102.08265,100.81071
97.17327,98.05271,101.58923,100.65911
96.566574,97.51784,100.062,99.586205
97.968094,97.46175,102.09912,99.79982
96.95439,97.24234,100.91538,99.80999
98.004486,96.3361,99.71167,99.07349
97.35114,96.05617,96.95051,99.055176
96.053024,95.89052,98.78808,98.76776
98.98909,95.55278,98.28764,98.19869
95.32609,94.972725,96.05282,97.15994
93.96226,94.85852,97.17327,97.116844
96.97465,94.90772,96.566574,96.95323
95.2168,94.88183,97.968094,96.46031
96.125786,95.18818,96.95439,96.61599
95.36139,95.398285,98.004486,96.518814
95.84076,95.53797,97.35114,96.65902
95.40948,95.59582,96.053024,96.620026
94.53348,95.57865,98.98909,96.69521
94.75319,95.63227,95.32609,96.61485
94.40839,95.550964,93.96226,96.302444
96.717865,95.71821,96.97465,96.73896
93.80765,95.41312,95.2168,96.19043
98.435074,95.21003,96.125786,95.842606
96.472015,95.45669,95.36139,96.00203
95.41338,95.15266,95.84076,95.65876
97.095894,95.14404,95.40948,95.67343
97.92,95.36087,94.53348,95.64295
95.66654,95.46193,94.75319,95.58922
96.46479,95.25395,94.40839,95.42987
94.31585,95.17572,96.717865,95.22461
96.74507,95.06305,93.80765,95.07566
96.15284,95.08224,98.435074,94.98004
98.09719,95.06977,96.472015,95.02261
97.70307,95.10083,95.41338,94.89234
96.37873,95.54322,97.095894,95.35226
95.607086,95.914665,97.92,95.6144
95.08891,95.8929,95.66654,95.56587
95.31214,96.14639,96.46479,95.88916
95.6005,96.67117,94.31585,96.34071
95.68197,96.59134,96.74507,96.292786
94.12238,96.8511,96.15284,96.54531
96.50862,96.62638,98.09719,96.090904
98.17826,97.00598,97.70307,96.51164
97.39722,97.179695,96.37873,96.68678
95.05513,97.45548,95.607086,97.01339
94.86593,97.56206,95.08891,97.17569
95.0354,97.388824,95.31214,96.96005
98.36598,97.21528,95.6005,96.726456
97.57363,97.13921,95.68197,96.56482
97.3426,97.2027,94.12238,96.53079
97.81567,97.3763,96.50862,96.62621
93.79894,97.43917,98.17826,96.667755
95.08566,97.30932,97.39722,96.40359
96.841736,97.61428,95.05513,96.780945
97.741714,97.914604,94.86593,97.276085
98.79492,97.94948,95.0354,97.33573
95.58405,98.07142,98.36598,97.20141
97.17631,98.073166,97.57363,97.092094
97.82768,97.6985,97.3426,96.84733
95.59303,98.30244,97.81567,97.50175
95.65992,98.029884,93.79894,97.536095
96.67318,98.19627,95.08566,97.67263
99.140526,98.3147,96.841736,97.82256
97.294525,97.94086,97.741714,97.21435
97.59773,97.40037,98.79492,96.838776
99.36239,97.67829,95.58405,97.07272
97.74938,97.6575,97.17631,97.171005
97.380806,97.77224,97.82768,97.47599
98.99271,97.451515,95.59303,97.00415
96.45441,97.588585,95.65992,97.188286
98.941376,97.80732,96.67318,97.43956
96.30658,97.451645,99.140526,96.96851
99.38211,97.59215,97.294525,96.98147
95.81985,97.61586,97.59773,97.02279
100.34456,97.92626,99.36239,97.5569
98.22609,97.83114,97.74938,97.451416
97.63662,97.762215,97.380806,97.44563
99.49348,98.263054,98.99271,97.94402
98.907486,98.29177,96.45441,97.93153
97.863335,98.241585,98.941376,97.89547
97.37523,98.55439,96.30658,98.196045
99.693535,98.272194,99.38211,97.81215
97.87159,98.437996,95.81985,98.08715
98.76724,98.308914,100.34456,97.81319
100.19781,98.42474,98.22609,98.11671
97.0128,98.307106,97.63662,97.79511
97.31732,98.73384,99.49348,98.36784
99.74099,98.95827,98.907486,98.4457
96.93161,98.89427,97.863335,98.40133
96.89066,99.28174,97.37523,98.81614
99.36647,99.323616,99.693535,98.82388
99.01972,99.25584,97.87159,98.74575
96.81394,99.17714,98.76724,98.67826
102.17863,99.44586,100.19781,98.98268
102.72389,99.35931,97.0128,98.88533
102.37049,99.41478,97.31732,98.971794
101.24909,99.751785,99.74099,99.305984
100.47,99.552,96.93161,98.92575
103.13,99.40747,96.89066,98.83638
103.349396,99.886284,99.36647,99.26021
103.6032,99.889275,99.01972,99.04311
100.26,99.83381,96.81394,99.0146
101.03164,100.18798,102.17863,99.35772
104.465,100.15473,102.72389,99.420746
104.24151,99.951355,102.37049,99.14959
100.39474,100.742355,101.24909,100.06959
103.26504,100.96846,100.47,100.58101
99.31394,101.60654,103.13,101.09242
98.761536,101.8298,103.349396,101.23608
99.00181,101.65625,103.6032,101.05409
99.29371,102.307465,100.26,101.683945
100.809006,102.47691,101.03164,101.99037
99.66862,102.86115,104.465,102.36191
100.05778,102.680016,104.24151,102.07144
100.58889,102.516754,100.39474,102.10782
100.30606,102.56023,103.26504,102.66936
101.74,102.45907,99.31394,103.01008
94.35478,101.81664,98.761536,102.651794
95.764786,101.29459,99.00181,102.71793
95.74494,99.91642,99.29371,102.137276
93.96028,99.15939,100.809006,101.622215
98.865295,98.576584,99.66862,101.39098
94.47194,97.93871,100.05778,100.57962
101.76552,97.1269,100.58889,100.16193
95.40731,97.02917,100.30606,100.036095
97.005,97.195,101.74,100.1373
94.87922,96.75311,94.35478,99.7151
97.39343,96.453575,95.764786,99.14049
96.53896,96.17469,95.74494,98.58359
93.33108,95.90657,93.96028,96.476456
91.49893,94.99544,98.865295,95.40581
94.14333,94.704414,94.47194,95.15863
97.86902,94.17863,101.76552,94.31545
94.2,94.30882,95.40731,94.81166
94.863335,94.11151,97.005,94.475876
93.6326,94.37618,94.87922,95.12137
96.94528,94.22171,97.39343,94.97395
91.5275,94.20105,96.53896,95.11764
93.6316,94.072464,93.33108,95.06119
98.591,93.893875,91.49893,94.93286
91.66746,94.12054,94.14333,95.08987
87.72023,93.80291,97.86902,94.745346
90.7279,93.28509,94.2,94.238495
93.09472,93.58498,94.863335,94.60038
93.02167,94.42175,93.6326,95.22675
92.498886,94.081085,96.94528,94.77866
89.06486,94.047195,91.5275,94.66053
91.45256,93.87738,93.6316,94.43823
89.96238,94.03187,98.591,94.55098
90.166,93.653305,91.66746,94.22559
92.48572,93.52025,87.72023,94.12924
94.88956,93.96009,90.7279,94.45333
85.47861,93.5111,93.09472,94.08304
94.63963,92.91708,93.02167,93.506874
87.72795,92.418304,92.498886,93.20166
94.8,92.52975,89.06486,93.31965
94.958,92.38169,91.45256,93.01983
100.21879,92.10713,89.96238,92.780785
91.308044,91.42294,90.166,92.15067
93.54,91.39773,92.48572,92.0671
93.88368,90.945724,94.88956,91.645256
91.3,90.859024,85.47861,91.42175
91.73129,90.872574,94.63963,91.49747
91.026215,90.82436,87.72795,91.3349
93.723526,90.61521,94.8,91.031815
94.47064,90.71317,94.958,91.427956
92.69259,90.5726,100.21879,91.1801
97.32938,90.52162,91.308044,91.389915
89.0,90.454254,93.54,91.43385
91.274,91.07545,93.88368,92.08683
91.01419,90.60338,91.3,92.11809
91.17042,90.55226,91.73129,92.09546
85.49923,90.83829,91.026215,92.34684
88.336365,90.56879,93.723526,92.07975
89.10267,90.42527,94.47064,92.01039
98.37615,90.2341,92.69259,91.84077
98.025215,90.14969,97.32938,91.77427
85.884705,90.13473,89.0,91.79021
87.92517,89.972534,91.274,91.65974
94.2225,89.940926,91.01419,91.69083
86.295456,89.28718,91.17042,91.15546
90.216194,89.134125,85.49923,91.03764
89.905,89.245094,88.336365,90.99301
86.126366,88.98104,89.10267,90.66227
92.7721,89.13632,98.37615,90.23677
86.12174,88.79401,98.025215,89.97963
94.467896,88.664986,85.884705,89.7656
92.4715,88.40632,87.92517,89.89822
93.140526,88.366425,94.2225,90.201355
87.59267,87.89453,86.295456,89.81757
89.7104,87.96026,90.216194,89.331604
97.31087,87.03962,89.905,88.910446
93.8345,86.673065,86.126366,88.46032
94.791664,86.896484,92.7721,88.74013
85.35,87.24469,86.12174,88.9908
88.65143,86.97761,94.467896,88.71323
84.89,86.957405,92.4715,88.95969
87.545,86.29468,93.140526,88.21524
82.32706,85.87158,87.59267,88.02608
83.346664,85.97766,89.7104,88.130516
81.615555,85.94804,97.31087,87.98134
90.87334,86.277916,93.8345,88.07235
83.15579,86.3214,94.791664,88.05049
96.7875,86.29291,85.35,87.909874
82.386665,85.88629,88.65143,87.900276
89.95333,85.72071,84.89,87.970825
88.36,84.99859,87.545,87.067505
86.643684,84.81253,82.32706,86.87955
87.01143,84.79161,83.346664,86.67078
88.90667,84.91332,81.615555,86.51904
81.97667,84.73869,90.87334,86.1733
86.183846,84.459435,83.15579,85.84952
82.69527,83.98447,96.7875,85.31155
97.624374,83.22568,82.386665,84.66983
80.49,83.40782,89.95333,84.46141
82.32455,83.37645,88.36,84.74207
85.5396,83.42957,86.643684,84.46298
80.95074,83.82695,87.01143,84.842415
87.042725,83.82794,88.90667,84.872536
90.19762,84.056305,81.97667,85.05088
84.800964,83.93759,86.183846,85.04796
79.33235,84.27065,82.69527,85.28213
83.69,84.12166,97.624374,84.726
82.92286,84.64509,80.49,85.14222
82.58572,84.26548,82.32455,84.71008
79.44611,84.58327,85.5396,85.23396
86.22522,83.68915,80.95074,84.40102
82.29815,84.025,87.042725,84.22944
81.153336,84.37786,90.19762,84.71449
82.67276,84.317696,84.800964,84.328476
84.30235,84.4611,79.33235,84.55697
83.14676,84.743576,83.69,84.796455
83.823845,84.767784,82.92286,84.515175
83.195625,84.845924,82.58572,84.26162
87.95576,84.8738,79.44611,84.185104
83.77548,85.42189,86.22522,84.42563
78.08525,85.47228,82.29815,84.22269
82.53791,85.303116,81.153336,83.70579
83.50285,85.13877,82.67276,83.830765
84.43275,85.22785,84.30235,83.88093
82.8,85.24471,83.14676,83.73339
84.50119,85.413895,83.823845,83.912796
86.80447,85.65731,83.195625,84.13798
82.4335,85.72134,87.95576,84.02414
86.1475,85.95261,83.77548,83.979225
85.014,86.35942,78.08525,84.08116
91.12859,86.70017,82.53791,84.64384
91.326,87.487015,83.50285,84.80146
93.57276,87.46812,84.43275,84.402176
91.253075,88.00017,82.8,84.67795
92.246925,88.73435,84.50119,85.14171
93.475716,89.51017,86.80447,85.575554
91.288025,89.9727,82.4335,85.55551
95.29,90.80357,86.1475,85.724815
96.30341,92.1215,85.014,86.522736
99.22031,93.362755,91.12859,86.40759
94.486664,94.14656,91.326,86.835976
98.68826,95.40934,93.57276,87.13659
98.21798,96.62521,91.253075,88.71954
99.86882,96.85718,92.246925,90.238754
98.892,96.98622,93.475716,92.62368
96.83363,97.328804,91.288025,93.52885
98.42345,97.60363,95.29,94.1239
96.396194,98.05288,96.30341,94.71811
97.653885,98.22535,99.22031,94.58807
100.06111,98.44136,94.486664,95.32069
98.90091,98.78982,98.68826,96.050835
98.77595,99.2132,98.21798,96.84126
96.86622,99.70746,99.86882,96.9504
99.58426,99.942665,98.892,97.872116
98.983185,100.16849,96.83363,98.1554
97.67016,100.19276,98.42345,98.886566
100.12368,100.33728,96.396194,99.25424
97.39722,100.19493,97.653885,98.9815
99.600586,100.296646,100.06111,99.288765
96.8537,100.1091,98.90091,99.04622
100.5012,100.183556,98.77595,99.20592
103.80379,100.485115,96.86622,99.71468
100.36299,100.50361,99.58426,99.88951
100.85943,100.33786,98.983185,99.93938
98.40837,100.031204,97.67016,99.60123
100.76312,99.69796,100.12368,99.55633
99.00688,99.12239,97.39722,99.52605
102.06824,98.44559,99.600586,99.09116
96.873024,98.08509,96.8537,99.30445
100.48992,97.57821,100.5012,98.866066
96.10889,97.35823,103.80379,98.9303
97.5185,96.82901,100.36299,98.401245
97.62811,96.786316,100.85943,98.623344
94.60174,97.09952,98.40837,99.32127
94.32116,97.12831,100.76312,99.35739
99.24077,97.0349,99.00688,99.28081
95.98579,96.90071,102.06824,98.84241
99.47854,96.446655,96.873024,98.76584
95.03248,96.04874,100.48992,98.35956
99.29734,95.61945,96.10889,98.30511
95.44768,95.48006,97.5185,97.47095
93.24479,95.47945,97.62811,97.673645
93.060234,95.66799,94.60174,97.087616
93.85067,95.757225,94.32116,97.02776
92.85034,95.86706,99.24077,97.02492
97.053696,95.46302,95.98579,96.32479
94.27648,95.18177,99.47854,95.82609
93.19847,95.632614,95.03248,96.42223
93.39947,95.29935,99.29734,96.04452
96.55273,95.3494,95.44768,96.5558
93.35452,95.21475,93.24479,96.01078
97.05106,95.24816,93.060234,96.30919
95.66279,94.95227,93.85067,95.835846
97.48447,94.68738,92.85034,95.31158
94.35526,94.226524,97.053696,94.905716
95.807274,94.13124,94.27648,94.63936
93.76952,93.52182,93.19847,94.01654
92.21833,95.035095,93.39947,95.22493
94.390854,94.58444,96.55273,94.69083
93.523506,94.079735,93.35452,94.23948
95.007774,93.976585,97.05106,94.05927
91.656334,94.85486,95.66279,94.77141
94.06014,94.56993,97.48447,94.33797
95.349045,95.20455,94.35526,94.98595
95.98565,95.447586,95.807274,95.00959
92.46877,95.796425,93.76952,95.48343
91.33857,95.65007,92.21833,95.22733
93.181625,95.91489,94.390854,95.4536
96.47862,95.61071,93.523506,95.13338
92.02303,95.40284,95.007774,94.77686
94.43906,95.83679,91.656334,95.16031
94.50389,95.32447,94.06014,94.68808
96.46278,95.46911,95.349045,94.91219
94.28767,94.46516,95.98565,93.99591
95.56288,95.0557,92.46877,94.38361
97.94534,95.220436,91.33857,94.59525
95.59631,95.539505,93.181625,94.874
94.965645,95.02172,96.47862,94.300674
99.92908,94.72755,92.02303,93.800835
94.24457,94.47532,94.43906,93.72161
96.05752,95.347984,94.50389,94.57426
94.86376,95.03483,96.46278,94.09215
93.03595,95.36714,94.28767,94.44602
96.93158,95.632744,95.56288,94.699554
95.86714,96.13545,97.94534,95.195015
97.99056,96.25906,95.59631,95.25808
96.59191,96.59222,94.965645,95.63913
96.63617,97.44161,99.92908,96.53794
98.207466,97.36488,94.24457,96.52077
97.21352,97.28008,96.05752,96.47582
98.860435,98.3386,94.86376,97.528
99.07707,97.95463,93.03595,96.97044
96.60258,97.78099,96.93158,96.985
96.73724,97.60556,95.86714,96.75461
98.12795,97.26934,97.99056,96.215454
95.63623,97.7313,96.59191,96.76875
97.353226,97.63895,96.63617,96.74876
97.541985,98.007835,98.207466,97.13459
97.42174,97.89167,97.21352,97.08565
94.72829,97.65909,98.860435,96.95391
98.47926,97.699875,99.07707,97.208984
98.834,97.5686,96.60258,97.11293
97.90363,97.76862,96.73724,97.480354
99.437614,98.15039,98.12795,97.877464
96.93313,98.05256,95.63623,97.61714
99.33659,98.17066,97.353226,97.661896
96.41656,98.5059,97.541985,97.93844
99.20712,98.319275,97.42174,97.63175
99.609474,98.46697,94.72829,97.76545
99.18846,98.6078,98.47926,97.894165
99.481125,98.628624,98.834,97.91084
99.378365,98.58869,97.90363,97.62185
98.90577,98.69999,99.437614,97.86896
99.56758,98.872314,96.93313,98.16761
99.86349,98.851,99.33659,98.19287
101.643074,99.21318,96.41656,98.57229
98.382835,99.014404,99.20712,98.32359
99.16132,99.35549,99.609474,98.701324
98.0783,99.25215,99.18846,98.51973
99.308235,99.46214,99.481125,98.791245
102.08873,99.915,99.378365,99.293304
100.034836,100.03564,98.90577,99.40258
98.64145,100.31533,99.56758,99.637764
103.35286,100.46858,99.86349,99.77289
101.555275,100.47804,101.643074,99.753525
100.27863,100.67323,98.382835,99.93132
99.05337,100.804115,99.16132,100.08397
99.167465,101.23667,98.0783,100.57618
101.29617,100.957565,99.308235,100.21022
101.82195,100.92759,102.08873,100.205696
103.07246,100.8161,100.034836,100.03215
101.51892,100.89811,98.64145,100.17195
102.78978,101.32733,103.35286,100.66903
104.27394,101.35145,101.555275,100.62167
100.778015,101.29822,100.27863,100.50578
104.18202,102.098785,99.05337,101.268875
100.53454,102.25092,99.167465,101.404564
101.57918,102.18527,101.29617,101.390366
101.815,102.1649,101.82195,101.266205
103.35419,102.00686,103.07246,101.09055
101.18065,102.14918,101.51892,101.42561
102.085,102.24476,102.78978,101.60892
103.1133,102.39599,104.27394,101.8264
99.081566,102.28553,100.778015,101.85735
101.07971,102.44094,104.18202,102.158844
103.895294,102.71346,100.53454,102.58481
101.90637,102.63436,101.57918,102.388504
103.89395,102.9579,101.815,102.82709
100.744896,102.354805,103.35419,102.39808
102.23505,102.18484,101.18065,102.414185
102.1544,101.796196,102.085,102.48027
102.55914,101.72886,103.1133,102.632965
100.85935,101.40426,99.081566,102.40893
97.49748,101.38656,101.07971,102.55282
98.656,100.94043,103.895294,102.50447
96.413734,100.135765,101.90637,101.558266
100.21524,99.923454,103.89395,101.56397
100.86376,99.34986,100.744896,101.98782
101.14458,99.54765,102.23505,101.909134
101.09137,99.06468,102.1544,101.92444
101.401375,98.6045,102.55914,101.51411
98.497406,98.52875,100.85935,101.5082
98.456665,98.848724,97.49748,101.02988
96.001945,98.98797,98.656,100.36706
92.81134,98.97211,96.413734,99.2661
97.530525,98.98483,100.21524,98.04808
97.62158,98.46004,100.86376,97.695465
97.50487,98.4876,101.14458,97.57234
95.77206,98.47521,101.09137,98.30531
100.15473,98.66732,101.401375,98.79401
102.65068,98.98364,98.497406,99.28092
97.07492,99.26267,98.456665,99.70766
96.47232,99.386024,96.001945,99.97631
95.79677,99.150856,92.81134,99.64874
98.39526,98.8831,97.530525,99.387695
96.19115,98.49114,97.62158,98.89891
95.94778,98.55574,97.50487,98.10528
93.71132,98.119995,95.77206,98.26724
95.47219,97.74022,100.15473,98.31054
102.06364,97.11509,102.65068,97.85154
96.54667,96.90468,97.07492,97.44891
101.5625,97.278015,96.47232,97.73588
95.490654,97.84877,95.79677,98.647644
102.68607,97.281456,98.39526,98.03555
98.60111,96.913216,96.19115,97.7009
98.764404,96.72825,95.94778,97.31473
94.14429,96.37286,93.71132,97.35636
97.912445,96.059265,95.47219,97.106384
95.73941,96.04226,102.06364,97.02236
96.35476,96.04653,96.54667,96.60509
95.925095,95.89231,101.5625,96.70589
91.63,96.88094,95.490654,98.04756
93.695,96.167336,102.68607,97.285034
93.92895,96.4974,98.60111,97.935616
94.87956,95.9651,98.764404,96.91569
95.495674,96.84411,94.14429,98.001945
101.53773,96.3428,97.912445,97.62454
95.53273,96.979324,95.73941,98.036804
95.84863,96.30763,96.35476,97.320946
97.885,96.14327,95.925095,97.18717
93.86823,95.58035,91.63,96.851776
95.46862,95.407196,93.695,96.77974
90.67313,95.25702,93.92895,96.58225
93.756775,94.76279,94.87956,95.955635
91.236206,94.839745,95.495674,95.96267
90.03333,94.550125,101.53773,95.65964
90.38333,94.291374,95.53273,95.37427
93.44,94.000275,95.84863,95.09399
87.46,94.26459,97.885,95.167244
93.781364,93.41621,93.86823,94.75106
100.75143,93.539276,95.46862,94.892105
90.44857,93.74592,90.67313,95.14715
93.6865,93.17067,93.756775,94.58259
96.18219,93.04209,91.236206,94.47496
94.983,92.50629,90.03333,93.98628
95.660866,92.26088,90.38333,93.87774
98.87,92.06446,93.44,93.81369
90.37454,91.7619,87.46,93.58055
89.25762,91.56443,93.781364,93.39248
92.6,91.44556,100.75143,93.1936
92.81333,90.863655,90.44857,92.43052
92.982666,90.40813,93.6865,92.08758
94.19,91.802795,96.18219,93.06752
93.86471,90.92294,94.983,92.40835
96.28571,91.176285,95.660866,92.70373
87.67765,91.131966,98.87,92.859764
88.45,90.89543,90.37454,92.681625
96.84052,90.73723,89.25762,92.816124
86.60353,90.68514,92.6,92.95608
86.560905,90.305176,92.81333,92.41188
88.58348,90.38775,92.982666,92.35628
85.56941,90.66201,94.19,92.47272
89.83938,90.71456,93.86471,92.349686
98.69375,90.556946,96.28571,92.18484
87.098946,90.41081,87.67765,92.10782
87.40263,90.04815,88.45,91.80007
84.759094,89.87115,96.84052,91.67723
91.87428,89.32587,86.60353,91.10135
86.47369,89.01345,86.560905,90.77118
91.12,89.108055,88.58348,90.54198
91.81333,88.56999,85.56941,90.19765
90.53059,87.96942,89.83938,89.716194
97.008,87.78288,98.69375,89.70156
88.75471,87.74746,87.098946,89.26953
84.706665,87.8425,87.40263,89.09861
81.203156,88.27515,84.759094,89.37667
94.49934,87.22926,91.87428,88.67013
87.43357,87.51735,86.47369,88.673134
98.38,87.25635,91.12,88.51464
95.02875,87.51272,91.81333,88.440285
94.096664,87.38314,90.53059,88.24335
85.100624,87.48902,97.008,88.37347
90.63,87.49909,88.75471,88.521996
85.94063,87.46061,84.706665,88.54339
90.6275,87.99029,81.203156,88.74559
83.52,87.08957,94.49934,88.257385
88.995,87.4695,87.43357,88.381424
76.868126,87.34676,98.38,88.04114
83.708336,87.40919,95.02875,87.94856
74.88,87.608795,94.096664,88.00166
86.15409,88.22761,85.100624,88.386604
89.41931,88.12336,90.63,88.72165
85.44688,88.02646,85.94063,88.762215
87.43,87.25032,90.6275,88.272415
94.08111,87.81418,83.52,88.23789
86.67174,88.193726,88.995,88.39073
90.62316,88.67283,76.868126,88.7166
85.45259,88.959206,83.708336,88.58272
89.31571,89.036736,74.88,88.47204
92.19158,88.29885,86.15409,87.76717
88.263336,88.18364,89.41931,87.640915
91.693184,87.73971,85.44688,86.244484
93.58667,87.95004,87.43,86.3979
96.49,88.40368,94.08111,86.56738
94.71543,89.063614,86.67174,86.88127
89.92138,89.83373,90.62316,87.323166
91.13824,90.40385,85.45259,87.90047
87.57581,91.26037,89.31571,88.060394
87.338,91.894936,92.19158,88.69416
96.37195,92.45531,88.263336,89.301674
99.82,92.78185,91.693184,89.763
95.618,92.90386,93.58667,90.11491
96.400856,92.79199,96.49,90.350586
95.27,93.248146,94.71543,90.4837
92.39317,93.81292,89.92138,90.798325
94.92725,94.35565,91.13824,90.84892
100.16736,95.05575,87.57581,91.52913
98.4746,94.840866,87.338,91.36678
94.50109,95.364944,96.37195,91.97123
96.569786,95.59973,99.82,92.21164
99.67513,96.98821,95.618,92.5588
97.878395,97.48009,96.400856,93.731384
98.428,99.61074,95.27,96.81169
96.59229,99.48834,92.39317,97.85728
98.401146,99.76911,94.92725,98.12212
94.98,98.91829,100.16736,97.47593
102.18472,98.72849,98.4746,97.04239
97.61,98.02483,94.50109,96.75048
99.51324,99.893776,96.569786,98.38563
99.190475,100.23771,99.67513,98.666916
97.80334,99.66074,97.878395,98.10158
96.50636,100.74679,98.428,98.78337
99.55322,101.80533,96.59229,99.74531
100.70872,102.03863,98.401146,100.17035
102.671234,102.01786,94.98,100.47089
100.754326,101.94417,102.18472,100.185265
100.48615,101.65915,97.61,100.03623
101.51875,101.44654,99.51324,99.53651
97.694595,102.10363,99.190475,100.46563
104.0847,102.12812,97.80334,100.41888
99.378716,101.48101,96.50636,100.5094
102.12019,101.51314,99.55322,100.43885
97.82524,101.38188,100.70872,100.29471
99.48805,101.6396,102.671234,100.37576
102.01132,101.57084,100.754326,100.58349
99.357864,101.46915,100.48615,100.78904
98.0989,101.47706,101.51875,101.42462
101.43693,101.253174,97.694595,101.16666
99.72731,101.34089,104.0847,101.168015
98.80273,101.33243,99.378716,101.22043
97.34554,101.18936,102.12019,100.67664
96.93483,101.44666,97.82524,101.42222
101.67314,101.17055,99.48805,100.97721
98.864784,101.31123,102.01132,101.2983
98.2038,101.07009,99.357864,100.79364
99.79514,100.78266,98.0989,100.65159
100.087166,101.10927,101.43693,101.07805
98.73774,100.81697,99.72731,100.57879
97.32098,100.64224,98.80273,100.3826
97.75874,100.664795,97.34554,100.57759
96.44119,100.386795,96.93483,100.27608
96.752975,100.10745,101.67314,100.02429
98.19281,99.73476,98.864784,99.64365
100.22375,99.330154,98.2038,99.22138
100.46206,99.691696,99.79514,99.7942
99.85658,99.59396,100.087166,99.5629
96.33365,99.337654,98.73774,99.33415
100.684044,99.367744,97.32098,99.44573
98.836784,99.56061,97.75874,99.57968
99.679344,99.371826,96.44119,99.401886
98.835,99.02348,96.752975,98.995
101.13641,98.87361,98.19281,98.77135
99.50671,98.74321,100.22375,98.52091
103.33709,98.583626,100.46206,98.334724
100.775604,98.682175,99.85658,98.45104
103.26328,98.90847,96.33365,98.818085
100.673164,99.18052,100.684044,99.12437
100.51247,99.259544,98.836784,99.24026
103.256584,98.81094,99.679344,98.663635
99.082184,99.085625,98.835,99.112045
102.90288,99.07054,101.13641,98.98192
101.926094,99.17389,99.50671,99.20319
103.258736,99.59473,103.33709,99.401505
100.30167,99.96295,100.775604,99.871346
102.8326,99.817154,103.26328,99.72909
102.48736,100.345,100.673164,100.57123
101.21673,100.33443,100.51247,100.523094
100.78806,100.526085,103.256584,101.00165
101.33266,100.55582,99.082184,100.88577
103.0092,100.624725,102.90288,100.83772
101.03246,100.97446,101.926094,101.40378
102.20531,100.83885,103.258736,100.910614
100.52559,101.17624,100.30167,101.45989
98.3135,101.355385,102.8326,101.65672
98.488,101.70564,102.48736,102.13469
102.45355,101.36344,101.21673,101.66179
100.090744,101.53253,100.78806,101.96189
101.3967,101.59888,101.33266,102.11394
98.31136,101.54348,103.0092,101.96797
98.72028,101.389854,101.03246,101.75397
101.26235,101.353165,102.20531,101.72764
101.66706,101.56802,100.52559,102.011566
102.48969,101.43495,98.3135,101.79979
102.11429,101.46326,98.488,101.90568
99.89258,101.32673,102.45355,101.68974
100.28373,100.61356,100.090744,100.95589
100.8684,100.08645,101.3967,100.52795
100.542175,100.68621,98.31136,101.03905
99.46461,100.539955,98.72028,100.73656
100.03667,100.59686,101.26235,100.90204
98.77857,100.19907,101.66706,100.33184
103.71596,100.02392,102.48969,100.08515
102.91748,100.23807,102.11429,100.39711
103.14355,100.42511,99.89258,100.61204
100.22741,100.57051,100.28373,100.89971
102.6598,100.780914,100.8684,101.14384
100.03821,100.6034,100.542175,100.83804
100.1474,100.360886,99.46461,100.69705
101.149925,100.35443,100.03667,100.6814
101.18055,100.42777,98.77857,100.620316
101.16411,100.32473,103.71596,100.46354
97.85599,100.335686,102.91748,100.45335
97.05594,100.09446,103.14355,100.10652
99.29909,100.434364,100.22741,100.737854
99.516,100.755325,102.6598,101.083466
101.51959,101.04018,100.03821,101.44823
101.14471,100.68738,100.1474,101.010155
102.92869,100.91621,101.149925,101.34653
101.48407,100.7167,101.18055,100.97554
98.74657,100.7982,101.16411,100.94346
99.79838,100.88451,97.85599,101.04858
99.934944,100.864746,97.05594,101.05894
101.99641,100.803314,99.29909,101.045975
101.19605,100.31362,99.516,100.39292
99.71475,99.220856,101.51959,99.61325
102.354744,99.64556,101.14471,99.82058
101.56789,99.83841,102.92869,99.82114
101.43887,100.184975,101.48407,100.15156
102.08348,100.316414,98.74657,100.28971
100.07611,100.58724,99.79838,100.80337
101.723976,100.74168,99.934944,100.8695
102.231804,100.27538,101.99641,100.31035
104.04937,100.21047,101.19605,100.33945
101.77875,100.23876,99.71475,100.26634
101.69408,100.43528,102.354744,100.62877
103.276855,100.661545,101.56789,100.82543
102.00152,100.499344,101.43887,100.621185
102.60545,100.9583,102.08348,101.12992
101.821655,101.11485,100.07611,101.17819
101.78122,101.091156,101.723976,101.21059
103.907616,101.264786,102.231804,101.404495
102.57333,101.00854,104.04937,101.02301
99.70063,101.076515,101.77875,101.257645
100.65345,101.186905,101.69408,101.54252
103.70152,101.23908,103.276855,102.06796
102.57349,101.280334,102.00152,101.92412
99.90217,101.14096,102.60545,101.81084
100.69397,100.99148,101.821655,102.11526
100.4619,100.77946,101.78122,101.827614
102.642,100.85439,103.907616,102.115814
102.891,100.7718,102.57333,101.93062
104.4586,100.446884,99.70063,101.882
101.71281,100.459335,100.65345,102.37118
100.864075,101.27481,103.70152,102.51874
103.60294,101.19681,102.57349,102.0629
102.640816,101.03225,99.90217,101.95149
107.05337,101.596375,100.69397,102.526245
104.12682,101.54688,100.4619,102.39293
101.55539,101.3074,102.642,101.71484
103.77952,101.286514,102.891,101.5144
98.81602,101.25801,104.4586,101.267654
98.722435,101.541084,101.71281,101.597664
100.272224,101.6601,100.864075,101.79606
98.64524,101.93729,103.60294,102.16461
99.02579,101.81387,102.640816,101.94003
96.62447,101.581535,107.05337,101.72799
96.12652,101.57826,104.12682,101.89083
95.63533,101.48639,101.55539,101.84354
96.13129,101.42827,103.77952,102.09072
100.76372,101.36444,98.81602,102.09628
93.91121,100.39316,98.722435,101.1619
97.15845,99.08495,100.272224,100.507835
96.49105,98.36658,98.64524,98.940155
96.68275,98.242226,99.02579,98.872826
100.88494,98.25888,96.62447,99.04584
97.33667,97.858025,96.12652,98.55596
101.215675,97.80582,95.63533,98.50369
98.3165,97.80464,96.13129,98.31004
100.13213,97.57797,100.76372,97.97704
98.573944,97.27386,93.91121,97.534805
95.9494,97.13634,97.15845,97.322235
97.26773,97.56687,96.49105,97.82765
93.61,96.9208,96.68275,97.157005
95.854355,96.51558,100.88494,96.85671
98.93559,96.31824,97.33667,96.74344
98.07412,96.01795,101.215675,96.53682
99.07724,96.88394,98.3165,97.3323
96.24302,96.52318,100.13213,97.033035
100.13754,97.40697,98.573944,97.81341
93.43283,97.311775,95.9494,97.771164
96.27328,97.43939,97.26773,97.95961
95.10117,97.39475,93.61,97.98332
93.41062,97.09715,95.854355,97.68139
92.47444,97.064476,98.93559,97.666435
99.484665,96.295494,98.07412,97.07347
94.64826,95.864174,99.07724,96.92601
89.458,96.54247,96.24302,97.60825
95.455,96.51678,100.13754,97.35637
93.85342,96.6498,93.43283,97.36954
93.28429,96.20113,96.27328,97.08149
99.90462,96.70204,95.10117,97.44222
94.61455,95.442024,93.41062,96.50085
95.09677,95.310715,92.47444,96.20104
93.963684,95.0403,99.484665,96.07571
92.66405,94.77174,94.64826,95.77815
96.09,94.41445,89.458,95.39587
97.120766,95.185715,95.455,96.098625
94.73529,94.28211,93.85342,95.67943
89.16581,93.79368,93.28429,95.24411
94.861084,94.07116,99.90462,94.96693
99.459656,93.691795,94.61455,94.76421
96.90839,93.09374,95.09677,94.18779
90.75272,93.82452,93.963684,94.74686
92.41818,92.90855,92.66405,94.21651
102.136665,93.16241,96.09,94.41591
89.88591,92.88032,97.120766,94.22986
93.878334,92.46,94.73529,93.908226
90.0,92.32033,89.16581,93.85888
97.0775,91.86641,94.861084,93.70493
94.586,91.72109,99.459656,93.60435
96.95,91.56695,96.90839,93.27664
93.92,91.22061,90.75272,93.23069
84.798,91.72203,92.41818,94.04092
88.635,91.116234,102.136665,93.49828
90.655,90.577446,89.88591,92.8282
92.89125,90.30369,93.878334,92.50386
86.23333,89.77941,90.0,92.71321
88.87526,89.72614,97.0775,92.6225
90.145,89.836754,94.586,92.40876
86.0,90.24302,96.95,92.323235
95.61539,90.255585,93.92,92.234055
88.744,90.90154,84.798,92.86004
92.81238,91.24009,88.635,93.31142
90.708336,90.97581,90.655,93.12275
84.31706,89.942726,92.89125,92.032166
81.6975,89.45615,86.23333,91.61696
88.29063,89.17168,88.87526,91.33633
88.01428,88.74382,90.145,90.72385
92.028946,88.27225,86.0,90.41
92.403336,87.82093,95.61539,89.943794
96.74778,87.77176,88.744,89.773796
86.699524,87.14683,92.81238,89.14008
93.43077,87.49679,90.708336,89.03572
83.32261,87.0807,84.31706,88.801476
89.19231,87.4035,81.6975,89.00818
82.235,87.53541,88.29063,89.07277
83.2225,87.153755,88.01428,88.58977
83.18,87.0211,92.028946,88.37246
88.168335,87.03023,92.403336,88.26865
89.58667,87.02905,96.74778,87.949104
89.5652,86.72132,86.699524,87.945755
84.291664,86.73064,93.43077,88.15212
79.4725,87.42685,83.32261,88.491745
91.903336,86.128716,89.19231,87.59018
83.97909,86.07906,82.235,87.48573
92.36833,85.53293,83.2225,86.91546
84.01947,85.66026,83.18,87.02871
81.04,86.069244,88.168335,87.08583
81.70318,86.30681,89.58667,86.98804
86.19909,86.09294,89.5652,86.63227
81.88636,85.57253,84.291664,86.14858
80.34,85.01699,79.4725,85.74651
89.575455,85.097244,91.903336,85.94047
84.16857,84.89447,83.97909,85.43038
80.2416,85.02849,92.36833,85.57766
82.716,84.844734,84.01947,85.29557
85.33727,84.68655,81.04,85.00776
82.358665,84.74946,81.70318,85.46738
80.41484,85.162636,86.19909,85.49053
85.54667,85.651146,81.88636,85.76152
85.8972,86.16995,80.34,85.821495
87.74143,87.2978,89.575455,86.26511
84.299614,87.16809,84.16857,85.8348
82.73572,86.890724,80.2416,85.55146
88.13687,86.64066,82.716,85.357056
86.82814,86.41133,85.33727,85.15129
94.31,85.96394,82.358665,84.89586
91.02857,86.56192,80.41484,84.95241
89.18054,86.82705,85.54667,85.09758
88.129776,87.18466,85.8972,85.08563
85.79667,87.10885,87.74143,84.58275
87.18057,87.59312,84.299614,85.03302
87.43476,88.21057,82.73572,85.60468
91.34977,88.731606,88.13687,86.17301
90.17292,89.624916,86.82814,86.304214
91.80877,89.62121,94.31,86.25423
88.74262,90.44215,91.02857,86.89915
93.87258,91.10448,89.18054,87.712875
94.51194,91.93056,88.129776,88.05655
91.986,92.67654,85.79667,88.83136
95.21562,93.008484,87.18057,89.57679
94.40125,93.46571,87.43476,90.01811
95.688965,94.23997,91.34977,90.282814
96.34238,94.54589,90.17292,90.67147
98.366844,95.53341,91.80877,90.78265
97.75935,96.05839,88.74262,91.01672
100.27,96.6094,93.87258,91.60046
97.70744,96.97529,94.51194,92.23761
99.8225,97.39487,91.986,92.27704
102.72775,97.60771,95.21562,93.62156
98.59536,98.17713,94.40125,95.42698
101.206276,98.7725,95.688965,95.70313
100.8562,99.5915,96.34238,96.55896
97.7175,99.99488,98.366844,96.79042
99.5525,100.139984,97.75935,97.13361
97.841705,100.65564,100.27,97.74961
101.274864,101.09679,97.70744,98.491486
99.02283,101.32193,99.8225,98.9102
99.685,101.53026,102.72775,99.60112
99.60357,101.621,98.59536,99.52882
99.29483,101.75484,101.206276,100.205986
96.8415,102.04497,100.8562,101.08485
102.83423,101.986275,97.7175,100.80999
98.04107,102.0774,99.5525,101.46552
101.388374,101.53964,97.841705,101.198204
99.64504,100.95082,101.274864,100.51084
101.812096,100.553,99.02283,100.45482
104.36013,100.309654,99.685,100.097534
98.300735,100.21235,99.60357,100.35617
99.46333,100.16699,99.29483,100.27709
99.77085,99.87773,96.8415,100.136444
99.352974,99.79365,102.83423,100.12803
97.97468,99.49965,98.04107,99.95732
101.04024,99.158356,101.388374,99.45624
99.31762,99.180756,99.64504,99.96208
100.10063,98.74143,101.812096,99.57403
95.78629,98.55384,104.36013,99.72791
94.34132,98.31228,98.300735,99.65172
92.36558,98.02751,99.46333,99.78612
95.117546,98.04184,99.77085,100.313934
94.97069,97.72787,99.352974,99.62159
95.511055,96.94159,97.97468,98.89204
97.615326,96.66075,101.04024,98.90318
95.64805,95.84186,99.31762,98.39062
95.436,95.23822,100.10063,97.71028
96.45827,95.48124,95.78629,97.9634
95.857216,95.566315,94.34132,97.77587
93.7949,95.65962,92.36558,97.85103
95.28571,95.360886,95.117546,96.905594
96.0451,94.98829,94.97069,96.06049
97.82581,94.448006,95.511055,94.998825
96.18805,95.079865,97.615326,95.63599
97.365845,94.74681,95.64805,95.32703
94.70288,94.752014,95.436,95.4199
97.83369,94.88196,96.45827,95.94336
95.43293,94.88532,95.857216,95.84463
95.564095,94.92668,93.7949,95.68127
93.3908,94.97845,95.28571,95.76627
94.351906,94.96737,96.0451,95.70494
94.91046,94.929214,97.82581,95.46405
93.913376,94.92622,96.18805,95.474884
94.16621,94.90447,97.365845,95.425735
97.19564,95.40282,94.70288,95.86013
98.00788,95.48371,97.83369,95.86104
95.5907,95.80168,95.43293,96.09147
93.67869,95.609406,95.564095,95.71648
96.3916,95.62083,93.3908,95.895065
95.975,95.40758,94.351906,95.64835
95.83352,95.69641,94.91046,95.90213
95.48039,95.81069,93.913376,95.67439
95.26013,95.846176,94.16621,95.5449
93.60171,95.87764,97.19564,95.5116
95.288124,95.753334,98.00788,95.285095
94.00549,95.658134,95.5907,95.14343
97.07,96.1721,93.67869,95.60698
95.685524,96.647,96.3916,96.0866
99.86252,96.5926,95.975,96.01408
94.24628,96.34522,95.83352,95.58265
95.389,96.783485,95.48039,95.90634
95.20097,96.86369,95.26013,95.923325
94.29172,96.79009,93.60171,95.925545
96.92953,96.93249,95.288124,96.00054
95.94016,96.89799,94.00549,95.960815
97.59651,96.426445,97.07,95.55686
95.70009,96.6056,95.685524,95.80134
96.76614,96.335205,99.86252,95.50608
98.11168,96.94522,94.24628,96.13254
99.355415,97.07643,95.389,96.24342
96.464264,98.10611,95.20097,97.18391
99.98705,97.65205,94.29172,96.701454
94.83993,97.37834,96.92953,96.56517
96.553764,97.50342,95.94016,96.64339
95.65197,97.25479,97.59651,96.415215
94.80478,97.76073,95.70009,96.88777
97.95636,97.70225,96.76614,96.89955
95.14134,98.04641,98.11168,97.2912
96.70236,98.06067,99.355415,97.22771
95.63073,98.28365,96.464264,97.462364
99.08101,98.48119,99.98705,97.727
96.48355,98.530815,94.83993,98.025955
96.957306,98.16386,96.553764,97.64247
97.99684,98.3679,95.65197,98.07487
93.91074,98.0486,94.80478,97.50729
95.33209,97.778046,97.95636,97.3963
94.388756,97.82547,95.14134,97.27724
92.74014,97.76343,96.70236,97.00964
94.601425,98.00027,95.63073,97.36734
91.39754,97.835945,99.08101,97.06286
92.87516,97.79464,96.48355,97.084724
95.150635,97.80499,96.957306,97.005974
95.25469,98.08824,97.99684,97.43709
98.63182,97.87402,93.91074,97.22902
96.35763,97.65374,95.33209,97.13869
97.16688,97.98598,94.388756,97.4301
97.310974,97.93888,92.74014,97.012245
99.16614,97.7042,94.601425,96.912384
98.11222,97.67303,91.39754,96.67153
97.8424,97.24389,92.87516,95.840004
100.5778,97.329,95.150635,96.22657
93.80265,96.691986,95.25469,94.858116
96.62417,96.69482,98.63182,95.02658
97.52702,96.852554,96.35763,95.73875
97.40223,97.00707,97.16688,95.84993
97.21408,97.86067,97.310974,96.8083
98.09552,97.9883,99.16614,96.787346
100.082596,97.9437,98.11222,97.05286
97.3016,98.0982,97.8424,97.35398
97.1696,98.48474,100.5778,97.91108
97.99013,98.69368,93.80265,98.0997
99.49138,98.973076,96.62417,98.37732
99.771,99.69091,97.52702,99.02735
99.09803,99.71475,97.40223,98.42472
99.512245,99.24181,97.21408,98.41339
100.36037,99.22575,98.09552,98.38875
104.29837,99.0247,100.082596,98.27725
96.6954,99.10649,97.3016,98.33327
102.3173,99.07472,97.1696,98.38536
102.54623,99.662094,97.99013,98.931274
101.392166,99.48124,99.49138,98.67724
102.2013,99.377426,99.771,98.602325
100.82143,99.60117,99.09803,98.77421
102.026726,99.83453,99.512245,99.16378
101.46072,99.96772,100.36037,99.437996
99.672646,100.27147,104.29837,99.60008
97.81599,100.52698,96.6954,99.803345
100.292015,100.94497,102.3173,100.183426
100.975,101.779205,102.54623,101.1515
100.3783,101.46967,101.392166,100.38989
98.87435,101.76204,102.2013,101.08382
98.43129,102.29821,100.82143,101.57212
103.22802,102.33342,102.026726,101.70059
101.10087,102.25197,101.46072,102.00644
98.53245,101.79907,99.672646,101.81366
98.18954,101.236404,97.81599,101.89293
101.843445,100.6658,100.292015,101.92482
99.95126,99.6208,100.975,101.518295
97.72374,98.72497,100.3783,101.149994
98.90941,98.43529,98.87435,101.30671
104.40622,97.6035,98.43129,101.01102
97.24333,97.55431,103.22802,100.99
100.091194,97.084526,101.10087,100.54595
96.14,96.666954,98.53245,100.05677
97.65083,96.4251,98.18954,100.43548
93.50148,96.13162,101.843445,100.161125
94.67866,95.961395,99.95126,99.732155
95.48788,95.76164,97.72374,99.305725
95.455,95.9242,98.90941,99.76711
98.0218,95.217575,104.40622,99.159225
96.81437,95.1346,97.24333,97.76505
97.02957,94.74797,100.091194,97.12164
92.38,94.168396,96.14,97.29037
90.85145,94.44247,97.65083,95.15374
92.57435,94.619865,93.50148,94.87874
92.06297,94.60181,94.67866,94.72306
94.998474,94.91761,95.48788,95.574005
94.173874,94.72598,95.455,95.22883
95.52096,94.839035,98.0218,95.478424
97.40143,94.69201,96.81437,95.45296
94.03968,94.88869,97.02957,95.39635
93.347275,95.217354,92.38,95.55341
94.615,95.164825,90.85145,95.6214
92.37444,94.91071,92.57435,95.60543
95.78758,93.885056,92.06297,94.780396
94.80893,93.51084,94.998474,94.373634
94.61562,93.68186,94.173874,94.28796
96.17157,93.435005,95.52096,93.961006
89.60632,93.60834,97.40143,94.17092
94.41,93.66,94.03968,94.27548
89.2115,93.8508,93.347275,94.356865
94.971535,93.988174,94.615,94.49421
92.08857,93.48004,92.37444,94.14685
94.52907,93.26263,95.78758,93.972046
91.538826,93.28539,94.80893,93.95433
96.961624,93.19279,94.61562,93.78242
92.245674,93.241325,96.17157,93.915085
95.955,93.28014,89.60632,94.06368
89.51579,93.23462,94.41,94.04497
91.31,93.468414,89.2115,94.26225
93.22163,93.159485,94.971535,93.89726
90.05765,93.168015,92.08857,93.92959
90.852,92.71879,94.52907,93.34926
92.47,92.811935,91.538826,93.513596
88.61,92.75117,96.961624,93.465515
89.472145,92.67944,92.245674,93.45648
83.62069,92.537155,95.955,93.29795
88.235,92.419395,89.51579,93.28026
89.59866,92.10321,91.31,93.10804
94.44,92.30987,93.22163,93.39149
83.94826,91.64874,90.05765,92.69603
86.264,91.400116,90.852,92.57945
87.08741,91.58666,92.47,92.789635
93.48273,91.25421,88.61,92.38043
84.07429,91.20311,89.472145,92.32877
94.134,90.87366,83.62069,92.150826
93.68714,90.402565,88.235,91.676704
94.35679,89.99756,89.59866,91.350525
